SMILES,LogSOL
CCCCC,-3.18
C1CCCC1,-2.64
CCCCCC,-3.84
CCCC(C)C,-3.74
CCC(C)(C)C,-3.55
C1CCCCC1,-3.1
CC1CCCC1,-3.3
CCCCCCC,-4.53
CC1CCCCC1,-3.85
CCCCCCCC,-5.24
C1CCCCCC1,-3.52
C1CCCCCCC1,-4.15
CC=CCC,-2.54
C1=CCCC1,-2.1
C=CCCCC,-3.23
C=CCC(C)C,-3.24
CC=CCCCC,-3.82
CC1=CCCCC1,-3.27
C=CCCCCCC,-4.44
C=CCCCCCCC,-5.05
C=CCCC=C,-2.68
C=CC(=C)C,-2.03
C=CC=C,-1.87
C1=CCC=CC1,-1.97
C=C(C)C1CC=C(C)CC1,-4
C#CCCC,-1.64
C#CCCCC,-2.36
C#CCCCCC,-3.01
C#CCCCCCCC,-4.24
c1ccccc1,-1.64
Cc1ccccc1,-2.21
Cc1ccccc1C,-2.8
Cc1ccc(C)cc1,-2.77
Cc1cccc(C)c1,-2.82
CCCc1ccccc1,-3.37
Cc1ccc(C)c(C)c1,-3.31
Cc1cccc(C)c1C,-3.2
CCc1ccccc1C,-3.21
CCc1ccc(C)cc1,-3.11
CC(C)c1ccccc1,-3.27
CCCCc1ccccc1,-4.06
CCc1ccc(CC)cc1,-3.75
Cc1ccc(C(C)C)cc1,-3.77
CC(C)(C)c1ccccc1,-3.66
CCC(C)c1ccccc1,-3.89
Cc1cc(C)c(C)c(C)c1C,-4
CCCCCc1ccccc1,-4.64
CCC(C)(C)c1ccccc1,-4.15
C=Cc1ccccc1,-2.82
c1ccc(-c2ccccc2)cc1,-4.31
c1ccc(Cc2ccccc2)cc1,-4.17
c1ccc2c(c1)Cc1ccccc1-2,-4.91
Cc1cccc2c1Cc1ccccc1-2,-5.22
c1ccc2ccccc2c1,-3.6
Cc1ccc2ccccc2c1,-3.77
Cc1cccc2ccccc12,-3.7
CCc1ccc2ccccc2c1,-4.29
Cc1cccc2c(C)cccc12,-4.74
Cc1cc2ccccc2cc1C,-4.72
C1=Cc2cccc3cccc1c23,-3.96
Cc1ccc(C)c2ccccc12,-4.14
Cc1ccc2cc(C)ccc2c1,-4.89
c1cc2c3c(cccc3c1)CC2,-4.63
Cc1ccc(C)c2c(C)cccc12,-4.92
c1ccc2c(c1)ccc1ccccc12,-5.26
Cc1c2ccccc2cc2ccccc12,-5.89
Cc1ccc2cc3ccccc3cc2c1,-6.96
c1cc2ccc3cccc4ccc(c1)c2c34,-6.19
c1ccc2c(c1)-c1cccc3cccc-2c13,-6
c1cc2c3c(ccc4c3c1CCC4)CCC2,-5.96
c1ccc2c(c1)Cc1c-2ccc2ccccc12,-6.68
c1ccc2c(c1)Cc1cc3ccccc3cc1-2,-8.04
c1ccc2c(c1)c1ccccc1c1ccccc21,-6.74
c1ccc2c(c1)cc1ccc3cccc4ccc2c1c34,-8.19
Cc1c2ccccc2c(C)c2c1ccc1ccccc12,-7.02
c1ccc2c(c1)c1cccc3ccc4cccc2c4c31,-7.8
c1cc2cccc3c4cccc5cccc(c(c1)c23)c54,-8.8
c1cc2ccc3ccc4ccc5cccc6c(c1)c2c3c4c56,-9.03
c1ccc2c(c1)[nH]c1ccccc12,-4.97
c1ccc2c(c1)sc1ccccc12,-4.38
c1ccc2c(c1)ccc1c3ccc4ccccc4c3[nH]c21,-7.42
Nc1ccc2cc3ccccc3cc2c1,-5.17
CCc1ccc2cc3ccccc3cc2c1,-6.89
c1ccc2c(c1)-c1cccc3c1c-2cc1ccccc13,-8.23
c1ccc2c3c(ccc2c1)-c1cccc2cccc-3c12,-8
c1ccc2cc3c(cc2c1)-c1cccc2cccc-3c12,-8.49
c1ccc2c(c1)ccc1cc3c(ccc4ccccc43)cc12,-8.66
CI,-1
ClCCl,-0.63
ClCBr,-0.89
ClC(Cl)Cl,-1.17
ClC(Cl)Br,-1.54
ClC(Br)Br,-1.9
BrC(Br)Br,-1.91
BrC(Br)(Br)Br,-3.14
CCBr,-1.09
CCI,-1.6
CC(Cl)Cl,-1.29
ClCCBr,-1.32
BrCCBr,-1.68
CC(Cl)(Cl)Cl,-2
ClCC(Cl)Cl,-1.48
ClCC(Cl)(Cl)Cl,-2.18
ClC(Cl)C(Cl)(Cl)Cl,-2.6
FC(F)(Cl)C(F)(Cl)Cl,-3.04
ClC(Cl)(Cl)C(Cl)(Cl)Cl,-3.67
CC(C)Cl,-1.41
CCCBr,-1.73
CC(C)Br,-1.59
CCCI,-2.29
ClCCCCl,-1.62
CC(Cl)CCl,-1.6
ClCCCBr,-1.85
BrCCCBr,-2.08
ClCC(Br)CBr,-2.38
ClCC(Cl)CCl,-1.92
CCCCCl,-2.03
CCC(C)Cl,-1.96
CCCCI,-2.96
CC(C)CCl,-2
CC(C)CBr,-2.43
CCCC(Cl)Cl,-2.4
CCCCCCl,-2.73
CCCC(C)Cl,-2.63
CCC(Cl)CC,-2.63
CCC(C)(C)Cl,-2.51
CC(Cl)C(C)(C)Cl,-2.69
CCCCCCCl,-3.12
CCCCCBr,-3.07
CCCCCCBr,-3.81
BrC1CCCCC1,-2.3
FC(F)(F)C(Cl)Br,-1.71
FC(F)(Cl)C(F)(F)Cl,-3.12
ClC1C(Cl)C(Cl)C(Cl)C(Cl)C1Cl,-4.59
CCCCCCCCl,-3.99
CCCCCCCI,-4.81
C=C(Cl)Cl,-1.64
ClC=CCl,-1.3
IC=CI,-3.22
ClC=C(Cl)Cl,-1.96
ClC(Cl)=C(Cl)Cl,-2.54
C=CCCl,-1.36
ClC1=C(Cl)C2(Cl)C3C4OC4C(Cl)C3C1(Cl)C2(Cl)Cl,-6.29
ClC1=C(Cl)C2(Cl)C3C4C=CC(C4)C3C1(Cl)C2(Cl)Cl,-7.33
ClC1=C(Cl)C2(Cl)C3C4CC(C5OC45)C3C1(Cl)C2(Cl)Cl,-6.18
C=CCBr,-1.5
ClC1=C(Cl)C(Cl)(Cl)C(Cl)=C1Cl,-5.18
ClC(Cl)=CC(Cl)=C(Cl)Cl,-4.23
Fc1ccccc1,-1.8
Clc1ccccc1,-2.38
Fc1ccc(I)cc1,-3.13
Clc1ccc(Cl)cc1,-3.27
Clc1ccccc1Cl,-3.05
Clc1cccc(Cl)c1,-3.04
Clc1cccc(Br)c1,-3.21
Clc1ccc(Br)cc1,-3.63
Brc1ccc(Br)cc1,-4.07
Brc1ccccc1Br,-3.5
Clc1ccc(Cl)c(Cl)c1,-3.59
Clc1cccc(Cl)c1Cl,-4
Clc1cc(Cl)cc(Cl)c1,-4.48
Brc1cccc(Br)c1Br,-5.04
Fc1cc(F)c(F)c(F)c1,-2.31
Fc1cc(F)c(F)cc1F,-2.38
Clc1cc(Cl)c(Cl)c(Cl)c1,-4.63
Clc1ccc(Cl)c(Cl)c1Cl,-4.57
Ic1ccccc1,-2.78
Cc1ccc(Br)cc1,-3.19
Fc1ccc(CCl)cc1,-2.54
Fc1ccc(F)cc1,-1.97
Cc1cccc(Br)c1,-3.52
Cc1ccccc1Cl,-3.52
ClCc1ccccc1,-2.39
Cc1ccc(Cl)cc1,-3.08
Clc1ccccc1-c1ccccc1,-4.54
Clc1cccc(-c2ccccc2)c1,-4.88
Clc1ccc(-c2ccc(Cl)cc2)cc1,-6.56
Clc1ccccc1-c1ccccc1Cl,-5.27
Clc1cccc(-c2cccc(Cl)c2)c1,-5.8
Clc1ccc(-c2ccccc2)cc1Cl,-6.39
Clc1ccc(-c2ccccc2)c(Cl)c1,-5.25
Clc1cccc(Cl)c1-c1ccccc1,-5.21
Clc1cc(Cl)c(-c2ccccc2)cc1Cl,-6.27
Clc1ccc(-c2cc(Cl)ccc2Cl)cc1,-6.25
Clc1cc(Cl)c(-c2ccccc2)c(Cl)c1,-6.14
Clc1cccc(-c2cc(Cl)ccc2Cl)c1,-6.01
Clc1ccc(-c2cccc(Cl)c2Cl)cc1,-6.26
Clc1ccc(-c2ccc(Cl)cc2Cl)cc1,-6.21
Clc1ccc(Cl)c(-c2ccccc2)c1Cl,-6.29
Clc1cccc(-c2cccc(Cl)c2Cl)c1Cl,-7.28
Clc1ccc(-c2ccc(Cl)c(Cl)c2)c(Cl)c1,-7.8
Clc1ccc(Cl)c(-c2cccc(Cl)c2Cl)c1,-6.47
Clc1ccc(-c2cc(Cl)ccc2Cl)c(Cl)c1,-6.57
Clc1ccc(Cl)c(-c2cc(Cl)ccc2Cl)c1,-7
Clc1cccc(Cl)c1-c1c(Cl)cccc1Cl,-7.39
Clc1ccc(Cl)c(-c2ccc(Cl)c(Cl)c2)c1,-7.25
Clc1ccc(-c2ccc(Cl)cc2Cl)c(Cl)c1,-6.51
Clc1ccc(-c2ccc(Cl)c(Cl)c2Cl)cc1Cl,-7.05
Clc1cc(Cl)c(-c2c(Cl)cccc2Cl)c(Cl)c1,-7.32
Clc1ccc(-c2cc(Cl)c(Cl)cc2Cl)cc1Cl,-7.39
Clc1ccccc1-c1cc(Cl)c(Cl)c(Cl)c1Cl,-7.21
Clc1ccccc1-c1c(Cl)cc(Cl)c(Cl)c1Cl,-7.43
Clc1cc(Cl)c(-c2cc(Cl)c(Cl)cc2Cl)cc1Cl,-8.56
Clc1cc(Cl)c(-c2c(Cl)ccc(Cl)c2Cl)cc1Cl,-8.65
Clc1cc(Cl)c(Cl)c(-c2cc(Cl)c(Cl)cc2Cl)c1,-8.6
Clc1cc(Cl)c(-c2ccc(Cl)c(Cl)c2Cl)cc1Cl,-8.32
Clc1ccc(Cl)c(-c2c(Cl)c(Cl)cc(Cl)c2Cl)c1,-7.42
Clc1cc(Cl)c(-c2cc(Cl)cc(Cl)c2Cl)c(Cl)c1,-8.71
Clc1ccc(-c2cc(Cl)c(Cl)c(Cl)c2Cl)cc1Cl,-7.82
Clc1ccc(-c2c(Cl)cc(Cl)c(Cl)c2Cl)cc1Cl,-7.66
Clc1cccc(-c2cc(Cl)c(Cl)c(Cl)c2Cl)c1Cl,-8.42
Clc1cc(Cl)c(-c2c(Cl)cc(Cl)c(Cl)c2Cl)cc1Cl,-7.92
Clc1ccc(-c2c(Cl)cc(Cl)c(Cl)c2Cl)c(Cl)c1Cl,-8.3
Clc1ccc(Cl)c(-c2c(Cl)c(Cl)c(Cl)c(Cl)c2Cl)c1,-8.94
Clc1cc(-c2cc(Cl)c(Cl)c(Cl)c2Cl)c(Cl)c(Cl)c1Cl,-9.16
Clc1cc(-c2c(Cl)c(Cl)c(Cl)c(Cl)c2Cl)c(Cl)c(Cl)c1Cl,-10.26
Clc1cc(Cl)c(Cl)c(-c2c(Cl)c(Cl)c(Cl)c(Cl)c2Cl)c1Cl,-10.41
Clc1c(Cl)c(Cl)c(-c2c(Cl)c(Cl)c(Cl)c(Cl)c2Cl)c(Cl)c1Cl,-11.62
ClC(Cl)=C(c1ccc(Cl)cc1)c1ccc(Cl)cc1,-6.9
Clc1ccc2ccccc2c1,-4.14
Clc1cccc2ccccc12,-3.93
Brc1cccc2ccccc12,-4.35
CCCCO,0
CCC(C)O,0.43
CC(C)CO,0.04
CCCCCO,-0.6
CCC(O)CC,-0.24
CCC(C)(C)O,0.08
CCC(C)CO,-0.47
CC(C)CCO,-0.52
CC(C)C(C)O,-0.2
CCCCCCO,-1.24
CCCC(O)CC,-0.8
CCCCC(C)O,-0.89
CCC(O)C(C)C,-0.7
CC(C)CC(C)O,-0.8
CCCC(C)(C)O,-0.49
CCCC(C)CO,-1.11
CCC(C)(C)CO,-1.04
CC(C)(C)CCO,-0.5
CCC(CC)CO,-1.17
CCC(C)C(C)O,-0.72
CCC(C)(O)CC,-0.38
CC(C)C(C)(C)O,-0.41
OC1CCCCC1,-0.44
CCCCCCCO,-1.81
CCCCC(O)CC,-1.47
CCCC(O)CCC,-1.4
CC(C)CC(C)(C)O,-0.92
CCCC(C)(C)CO,-1.52
CC(C)(C)CCCO,-1.55
CC(C)CCC(C)O,-1.38
CCCCC(C)(C)O,-1.08
CCC(O)C(C)(C)C,-1.15
CCCC(C)(O)CC,-1
CCC(C)C(C)(C)O,-0.89
CCC(C)(O)C(C)C,-0.85
CCC(O)(CC)CC,-0.85
CCCCCCCCO,-2.39
CCCCCCC(C)O,-2.09
CCCCC(CC)CO,-2.11
CCCCC(C)C(C)O,-1.72
CCC(C)(O)C(C)(C)C,-1.27
CCCCCC(C)(C)O,-1.72
OCCc1ccccc1,-0.74
OC(c1ccccc1)c1ccccc1,-2.55
CCCCCCCCCCCCO,-4.67
OCCCc1ccccc1,-1.38
OCCOc1ccccc1,-0.71
CCCCCCCCCO,-3.01
CC1CCC(O)CC1,-0.88
OCc1c(Cl)cccc1Cl,-2.1
Oc1ccccc1,0
Oc1cccc(O)c1,0.81
Oc1ccc(O)cc1,-0.17
Cc1ccccc1O,-0.62
OCc1ccccc1,-0.4
Cc1ccc(O)cc1,-0.7
OCc1ccccc1O,-0.29
CC(O)c1ccccc1,-0.92
Cc1ccc(O)c(C)c1,-1.19
Cc1cc(C)cc(O)c1,-1.4
CC(C)(C)c1ccc(O)cc1,-2.41
Oc1ccc(-c2ccccc2)cc1,-3.48
CC(C)(c1ccc(O)cc1)c1ccc(O)cc1,-2.82
Oc1cccc2ccccc12,-2.22
Oc1cccc2c(O)cccc12,-2.92
CCc1ccccc1O,-1.36
Oc1ccccc1-c1ccccc1,-2.39
CCC=O,0.58
CCCCC=O,-0.85
CCCCCC=O,-1.3
CCCCCCC=O,-1.7
CCCCCCCC=O,-2.36
C=CC=O,0.57
CC=CC=O,0.32
O=Cc1ccccc1,-1.19
O=Cc1ccc2c(c1)OCO2,-1.63
CCC(C)=O,0.52
CCCC(C)=O,-0.19
CCCCC(C)=O,-0.8
CC(=O)CC(C)C,-1.42
CCCCCC(C)=O,-1.42
CCCC(=O)CCC,-1.3
CCCCCCC(C)=O,-2.05
CCCCC(=O)CCCC,-2.59
C=CC(=O)CCC,-0.83
CC1=CC(=O)CC(C)(C)C1,-1.06
CC(=O)CCC(C)C,-1.33
CCC(=O)c1ccccc1,-1.83
CC(=O)CC(C)=O,0.22
CCCCCCCCC(C)=O,-3.31
CC(=O)C1CCC2C3CCC4=CC(=O)CCC4(C)C3CCC12C,-4.43
CC(=O)c1ccccc1,-1.28
O=C1c2ccccc2C(=O)c2ccccc21,-5.19
CC(=O)O,1.22
O=C(O)C(=O)O,0.38
CCCC(=O)O,-0.19
O=C(O)CCCC(=O)O,1
CCCCCC(=O)O,-1.06
O=C(O)CCCCC(=O)O,-0.82
CCCCCCCC(=O)O,-2.3
CCCCCCCCCCCC(=O)O,-4.62
C=C(C)C(=O)O,0.01
CC=CC=CC(=O)O,-1.77
O=C(O)c1ccccc1,-1.55
Cc1ccc(C(=O)O)cc1,-2.6
Cc1ccccc1C(=O)O,-2.06
O=C(O)Cc1ccccc1,-0.89
O=C(O)c1ccccc1C(=O)O,-2.11
CCCCCCCCCCCCCCCC(=O)O,-6.81
O=C(O)C(O)(c1ccccc1)c1ccccc1,-2.21
C=C1CC23CC1(O)CCC2C12C=CC(O)C(C)(C(=O)O1)C2C3C(=O)O,-1.84
CC(C)C(=O)O,0.28
O=C(O)Cc1c[nH]c2ccccc12,-2.07
CCC(CC)C(=O)O,-0.81
CCCC(CCC)C(=O)O,-1.86
O=C(O)C1CCCCC1,-1.45
O=C(O)COc1ccccc1,-1.1
CCCCCCCCCCC(=O)O,-3.55
C=CCCCCCCCCC(=O)O,-3.4
O=C(O)CNC(=O)c1ccccc1,-1.68
O=C(O)c1ccsc1,-1.47
O=C(O)c1ccco1,-0.48
COC=O,0.58
COC(C)=O,0.52
CCOC(C)=O,-0.04
CCCOC=O,-0.49
CCC(=O)OC,-0.14
CCCOC(C)=O,-0.72
CCCC(=O)OC,-0.82
CC(C)COC=O,-1.01
CC(=O)OC(C)C,-0.55
CCCCOC(C)=O,-1.24
CCCCC(=O)OC,-1.36
C=CC(=O)OCC(C)C,-1.21
CCOC(=O)CC(=O)OCC,-0.82
CCCCCOC(C)=O,-1.89
CCCCCC(=O)OC,-2
CCCCC(=O)OCC,-1.75
CC(=O)OCCC(C)C,-1.92
CCCCCCOC(C)=O,-2.46
CCCCCCCC(=O)OC,-3.39
CCCCCCC(=O)OCC,-2.71
CC(=O)OCC(COC(C)=O)OC(C)=O,-0.6
CCCCCCCC(=O)OCC,-3.39
CCCCCCCCCC(=O)OCC,-4.1
C=CC(=O)OC,-0.22
C=CC(=O)OCC,-0.74
C=C(C)C(=O)OC,-0.8
CCOC(=O)c1ccccc1,-2.32
COC(=O)c1ccccc1C(=O)OC,-1.66
CCCOC(=O)c1ccccc1,-2.67
CCOC(=O)c1ccccc1C(=O)OCC,-2.35
CC(C)COC(=O)c1ccccc1C(=O)OCC(C)C,-4.66
CCCCC(CC)COC(=O)c1ccccc1C(=O)OCC(CC)CCCC,-6.96
CCCCOC(=O)c1ccccc1C(=O)OCc1ccccc1,-5.64
COCOC,0.48
CCCOC,-0.39
COC(C)C,-0.06
CCCCOC,-0.99
CCCOCC,-0.66
CCOC(C)C,-0.55
C1CCOCC1,-0.03
CCCOCCC,-1.62
CC(C)OC(C)C,-1.1
CCOCCOCC,-0.77
CCOC(C)OCC,-0.43
CCCCOCCCC,-1.85
C=COCC,-0.85
c1ccc(Oc2ccccc2)cc1,-3.96
c1ccc2c(c1)Oc1ccccc1O2,-5.31
Cc1cccc(Oc2cccc(C)c2)c1,-4.85
CC1CO1,-0.59
C1CCOC1,0.56
CC1CCCO1,0.11
c1ccoc1,-0.82
c1ccc2c(c1)oc1ccccc12,-4.6
O=C(O)CC(O)(CC(=O)O)C(=O)O,0.51
OCC1OC(O)C(O)C(O)C1O,0.74
OCC1(O)OCC(O)C(O)C1O,0.64
CC12CCC(=O)C=C1CCC1C2C(=O)CC2(C)C1CCC2(O)C(=O)CO,-3.11
CC1CC2C3CCC4=CC(=O)C=CC4(C)C3(F)C(O)CC2(C)C1(O)C(=O)CO,-3.64
CC(=O)OCC(=O)C1(O)CCC2C3CCC4=CC(=O)CCC4(C)C3C(=O)CC21C,-4.3
CC12C=CC(=O)C=C1CCC1C2C(O)CC2(C)C1CCC2(O)C(=O)CO,-3.21
CC(=O)SC1CC2=CC(=O)CCC2(C)C2CCC3(C)C(CCC34CCC(=O)O4)C12,-4.28
CC12CCC3c4ccc(O)cc4CCC3C1CCC2=O,-3.96
CC(=O)OCC(=O)C1CCC2C3CCC4=CC(=O)CCC4(C)C3CCC12C,-4.63
CC12CCC(=O)C=C1CCC1C2CCC2(C)C1CCC2(C)O,-3.99
CC12CCC3C(CCC4=CC(=O)CCC43C)C1CCC2=O,-3.69
CC(=O)OCC(=O)C1(O)C(OC(C)=O)CC2C3CCC4=CC(=O)C=CC4(C)C3(F)C(O)CC21C,-4.13
CC(=O)C1(O)CCC2C3CCC4=CC(=O)CCC4(C)C3CCC21C,-4.71
CC1(C)OC2CC3C4CCC5=CC(=O)C=CC5(C)C4(F)C(O)CC3(C)C2(C(=O)CO)O1,-4.32
CC12C=CC(=O)C=C1CCC1C3CC(O)C(O)(C(=O)CO)C3(C)CC(O)C12F,-3.69
CC1CC2C3CCC4=CC(=O)C=CC4(C)C3(F)C(O)CC2(C)C1(O)C(=O)CO,-3.77
CC(=O)C1(O)CCC2C3CC(C)C4=CC(=O)C=CC4(C)C3(F)C(O)CC21C,-4.1
CC(=O)OCC(=O)C1(O)C(C)CC2C3CCC4=CC(=O)C=CC4(C)C3(F)C(O)CC21C,-4.9
CCCCC(=O)OC1(C(=O)CO)C(C)CC2C3CCC4=CC(=O)C=CC4(C)C3(F)C(O)CC21C,-4.71
COc1ccccc1O,-1.96
O=C(O)c1ccc(O)cc1,-1.41
O=Cc1ccc(O)cc1,-0.96
COc1ccc(C=O)cc1,-1.49
OCc1ccccc1OC1OC(CO)C(O)C(O)C1O,-0.85
O=C(Oc1ccccc1)c1ccccc1O,-3.15
OC(CCl)CCl,-0.11
CC(O)C(F)(F)F,0.3
Oc1ccc(Cl)cc1,-0.7
Oc1cccc(Cl)c1,-0.7
Oc1ccc(Br)cc1,-1.09
Oc1ccc(Cl)cc1Cl,-1.55
Oc1cc(Cl)c(Cl)cc1Cl,-2.21
Oc1c(Cl)c(Cl)c(Cl)c(Cl)c1Cl,-4.28
Cc1cc(O)ccc1Cl,-1.57
O=C(O)CCl,0.93
O=C(O)c1ccccc1Cl,-1.89
O=C(O)c1cccc(Cl)c1,-2.59
ClCCOCCCl,-1.12
COc1ccc(C(c2ccc(OC)cc2)C(Cl)(Cl)Cl)cc1,-6.89
COc1c(Cl)ccc(Cl)c1C(=O)O,-1.7
CCN(CC)CC,-0.14
CCCNCCC,-0.46
CCCCCCCN,-1.85
CN(C)C,0.84
CCCN(CCC)CCC,-2.28
CCCCC(CC)CN,-1.71
CCCCNCCCC,-1.44
Nc1ccccc1,-0.41
Nc1ccccc1N,-0.42
Nc1ccc(N)cc1,-0.38
Cc1ccccc1N,-0.85
Cc1ccc(N)cc1,-1.21
Cc1cccc(N)c1,-0.85
NCc1ccccc1,-1.53
CCNc1ccccc1,-1.7
CCN(CC)c1ccccc1,-3.03
Nc1ccc(-c2ccc(N)cc2)cc1,-2.7
c1ccc(Nc2ccccc2)cc1,-3.51
Nc1ccc(Cc2ccc(N)cc2)cc1,-2.3
NNc1ccccc1,0.07
Cc1cccnc1C,0.38
Cc1ccnc(C)c1,0.38
Cc1cccc(C)n1,0.45
Cc1ccncc1C,0.36
Cc1cncc(C)c1,0.38
c1ccc2ncccc2c1,-1.3
c1ccc(-c2ccccn2)nc1,-1.42
c1cc(-c2ccncc2)ccn1,-1.54
CN1CCCC1c1cccnc1,0.79
NNC(=O)c1ccncc1,0.01
NC(=O)c1cccnc1,0.61
OCc1cccnc1,0.96
NC(=O)c1cnccn1,-0.91
c1cncnc1,1.1
Cc1c[nH]c2ccccc12,-2.42
c1ccc2c(c1)ccc1ncccc12,-3.36
c1ccc2[nH]nnc2c1,-0.78
c1ccc2scnc2c1,-1.5
c1ccsc1,-1.45
c1ccc2nc(-c3ccc4ccccc4n3)ccc2c1,-5.4
c1ccc2[nH]ccc2c1,-1.52
Oc1cccc2cccnc12,-2.42
c1ccc2[nH]ncc2c1,-2.16
c1ccc2ocnc2c1,-1.16
c1ccnnc1,1.1
Oc1cccc2ncccc12,-2.54
Cc1nc2ccccc2[nH]1,-1.96
Cc1ccsc1,-2.39
CCc1cccs1,-2.59
Cc1cc(O)no1,-0.07
CCCCC1C(=O)N(c2ccccc2)N(c2ccccc2)C1=O,-3.81
COC(=O)C1C(OC(=O)c2ccccc2)CC2CCC1N2C,-2.23
CN(C)CCCN1c2ccccc2CCc2ccccc21,-4.19
CN(C)CCCN1c2ccccc2Sc2ccc(Cl)cc21,-5.01
CCC1(C2=CCCCC2)C(=O)NC(=O)NC1=O,-2.17
C=CCC1(CC=C)C(=O)NC(=O)NC1=O,-2.06
CC(C)(S)C(N)C(=O)O,-0.13
O=C(CCCN1CCC(O)(c2ccc(Cl)cc2)CC1)c1ccc(F)cc1,-4.43
CN1C(=O)NC(=O)C(C)(C2=CCCCC2)C1=O,-2.74
CCC(=C(CC)c1ccc(O)cc1)c1ccc(O)cc1,-4.35
O=C(NC(CO)C(O)c1ccc([N+](=O)[O-])cc1)C(Cl)Cl,-2.11
O=C1CC2OCC=C3CN4CCC56c7ccccc7N1C5C2C3CC46,-3.32
CCC1(CC)C(=O)NC(=O)NC1=O,-1.39
CCCC(C)(COC(N)=O)COC(N)=O,-1.67
Cc1cc(C)nc(NS(=O)(=O)c2ccc(N)cc2)n1,-2.27
Cc1c(N(C)C)c(=O)n(-c2ccccc2)n1C,-0.63
CN(C)CCCN1c2ccccc2Sc2ccccc21,-4.3
NS(=O)(=O)c1cc2c(cc1Cl)NCNS2(=O)=O,-2.62
NS(=O)(=O)c1cc2c(cc1Cl)N=CNS2(=O)=O,-3.05
CCN(CC)CCOC(=O)c1ccc(N)cc1,-1.4
CC(CN1c2ccccc2Sc2ccccc21)N(C)C,-4.26
O=C1NCCN1c1ncc([N+](=O)[O-])s1,-3.22
CCOc1ccc(NC(C)=O)cc1,-2.37
Nc1ccc(S(N)(=O)=O)cc1,-1.36
OCCN1CCN(CCCN2c3ccccc3Sc3ccc(C(F)(F)F)cc32)CC1,-4.15
Nc1ncnc2c1ccn2C1OC(CO)C(O)C1O,-1.95
Nc1ccc(S(=O)(=O)Nc2nccs2)cc1,-2.43
CCCC(C)C1(CC)C(=O)NC(=O)NC1=O,-2.52
C=CCC1(C(C)C)C(=O)NC(=O)NC1=O,-1.71
C=CCC1(C(C)CCC)C(=O)NC(=S)NC1=O,-3.46
CCCCC1(CC)C(=O)NC(=O)NC1=O,-1.64
CCC(Br)(CC)C(=O)NC(N)=O,-2.68
O=C1NC(=O)c2ccccc21,-2.61
O=c1ccc2ccccc2o1,-1.89
CCc1nnc(NS(=O)(=O)c2ccc(N)cc2)s1,-1.94
C=CCc1ccc(O)c(OC)c1,-1.56
C=CCC1(c2ccccc2)C(=O)NC(=O)NC1=O,-2.18
CN1CCN(CCCN2c3ccccc3Sc3ccc(C(F)(F)F)cc32)CC1,-4.52
COc1cc(NS(=O)(=O)c2ccc(N)cc2)nc(OC)n1,-2.96
CCC1(c2ccccc2)C(=O)NCNC1=O,-2.64
CCCCC1C(=O)N(c2ccccc2)N(c2ccc(O)cc2)C1=O,-3.73
NS(=O)(=O)c1cc2c(cc1Cl)NC(C(Cl)Cl)NS2(=O)=O,-2.68
CCN(CC)CC(=O)Nc1c(C)cccc1C,-1.76
CC(=O)NS(=O)(=O)c1ccc(N)cc1,-1.23
OCC(O)C(O)CO,0.7
CNC(C)C(O)c1ccccc1,-0.42
Oc1ncnc2n[nH]cc12,-2.38
CCCCNC(=O)NS(=O)(=O)c1ccc(N)cc1,-2.18
CCN(CC)CCNC(=O)c1cc(Cl)c(N)cc1OC,-3.18
Cc1ncc([N+](=O)[O-])n1CCO,-1.26
CCOc1ccc2nc(S(N)(=O)=O)sc2c1,-3.81
CCC1(C2=CCCCCC2)C(=O)NC(=O)NC1=O,-3
O=C1CC(c2ccc(O)c(O)c2)Oc2cc(O)cc(O)c21,-3.62
Cc1cnc(NS(=O)(=O)c2ccc(N)cc2)nc1,-2.82
COc1cnc(NS(=O)(=O)c2ccc(N)cc2)nc1,-2.58
Cc1ccc(S(=O)(=O)NC(=O)NC2CCCCC2)cc1,-4.21
COc1cc(Cc2cnc(N)nc2N)cc(OC)c1OC,-2.86
O=C1Nc2ccc(Cl)cc2C(c2ccccc2Cl)=NC1O,-3.6
Cc1ccc(S(=O)(=O)NC(=O)NN2CCCCCC2)cc1,-3.68
Clc1cccc(C(Cl)(Cl)Cl)n1,-3.76
CN(C)C(=O)Nc1cccc(OC(=O)NC(C)(C)C)c1,-2.93
CC(C(=O)O)c1ccc(-c2ccccc2)c(F)c1,-4.49
CCOP(=S)(OCC)N1C(=O)c2ccccc2C1=O,-3.35
CC1=C(C(=O)Nc2ccccc2)SCCO1,-3.14
Cc1cc(Cl)ccc1N=CN(C)C,-2.86
O=[N+]([O-])c1ccc(C=NO)o1,-2.19
CNC(=O)Oc1ccccc1C1OCCO1,-1.57
CC(C)Cc1ccc(C(C)C(=O)O)cc1,-3.99
COc1ccc2cc(C(C)C(=O)O)ccc2c1,-4.16
O=C(Cn1ccnc1[N+](=O)[O-])NCc1ccccc1,-2.81
O=C(O)CCC(=O)c1ccc(-c2ccccc2)cc1,-5.06
Nc1cc(N2CCCCC2)nc(N)[n+]1[O-],-1.98
COCCOc1c(OC)cc(Cc2cnc(N)nc2N)cc1OC,-2.1
CCC(=O)N(c1ccccc1)C1(COC)CCN(CCc2cccs2)CC1,-3.71
OC(Cn1cncn1)(c1ccc(F)cc1)c1ccccc1F,-3.37
O=c1[nH]cc(F)c(=O)[nH]1,-1.07
O=c1ccc2ccccc2[nH]1,-2.14
CNN,1.34
Cc1c[nH]c(=O)[nH]c1=O,-1.52
O=c1cc[nH]c(=O)[nH]1,-1.48
CCC1(c2ccccc2)CCC(=O)NC1=O,-2.34
O=NN1CCCCC1,-0.17
c1ccc(N=Nc2ccccc2)cc1,-4.45
CN1CCOCC1,1
C1CCNCC1,1.07
C1COCCN1,1.06
C1CCNC1,1.15
N#CN=C(N)N,-0.31
Cn1ccc(=O)[nH]c1=O,-0.8
O=C1CCCN1,1.07
CN1CCCCC1,0.23
Cn1ccccc1=O,0.96
C=CC#N,0.15
N#Cc1ccccc1,-1
N#Cc1ccccc1C#N,-2.38
c1ccc(NNc2ccccc2)cc1,-2.92
Nc1ccc(O)cc1,-0.8
Nc1ccccc1C(=O)O,-1.52
Nc1ccc(C(=O)O)cc1,-0.4
COC(N)=O,0.97
CCCCOC(N)=O,-0.66
CC(C)COC(N)=O,-0.3
CC(C)(C)OC(N)=O,0.1
NC(=O)OCc1ccccc1,-0.35
NC(N)=O,0.96
NC(=O)NO,1.12
CN(N=O)C(N)=O,-0.85
CCN(N=O)C(N)=O,-0.96
CN(C)C(=O)N(C)C,0.94
NC(=O)NCc1ccccc1,-0.95
CC(N)=O,1.58
CC(=O)N(C)C,1.11
NC(=O)c1ccccc1,-0.96
NC(=O)c1ccccc1C(N)=O,-2.92
CC(=O)Nc1ccccc1,-1.33
CN(C)C(=O)Nc1ccccc1,-1.6
CNC(=O)Oc1ccccc1OC(C)C,-2.05
CN1CCC23c4c5ccc(O)c4OC2C(O)C=CC3C1C5,-3.28
COc1ccc2c3c1OC1C(O)C=CC4C(C2)N(C)CCC341,-1.52
CCC[N+](=O)[O-],-0.8
O=[N+]([O-])c1ccccc1,-1.8
Cc1ccccc1[N+](=O)[O-],-2.33
Cc1cccc([N+](=O)[O-])c1,-2.44
Cc1ccc([N+](=O)[O-])cc1,-2.49
O=[N+]([O-])c1ccc(O)cc1,-0.74
O=[N+]([O-])c1ccccc1O,-1.74
O=[N+]([O-])c1cccc(O)c1,-1.01
CCC(C)c1cc([N+](=O)[O-])cc([N+](=O)[O-])c1O,-3.38
O=C(O)c1cccc([N+](=O)[O-])c1,-1.68
COc1ccccc1[N+](=O)[O-],-1.96
COc1ccc([N+](=O)[O-])cc1,-2.41
Nc1cccc([N+](=O)[O-])c1,-2.19
Nc1ccc([N+](=O)[O-])cc1,-2.37
N=C(N)NCC(=O)O,-1.51
Nc1ccc(Cl)cc1,-1.66
Nc1ccccc1Cl,-1.52
Nc1ccc(Cl)c(Cl)c1,-3.24
Nc1cccc(C(F)(F)F)c1,-1.47
Nc1ccc(-c2ccc(N)c(Cl)c2)cc1Cl,-4.92
N#Cc1c(Cl)cccc1Cl,-4.24
CCNc1nc(Cl)nc(NCC)n1,-4.55
CCNc1nc(Cl)nc(N(CC)CC)n1,-4.06
CCNc1nc(Cl)nc(NC(C)(C)C#N)n1,-3.15
CC(C)Nc1nc(Cl)nc(NC(C)C)n1,-4.43
CC(C)OC(=O)Nc1cccc(Cl)c1,-3.38
CON(C)C(=O)Nc1ccc(Cl)cc1,-2.57
CN(C)C(=O)Nc1ccc(Cl)cc1,-2.89
CON(C)C(=O)Nc1ccc(Cl)c(Cl)c1,-3.52
CN(C)C(=O)Nc1cccc(C(F)(F)F)c1,-3.43
CC(C)N(C(=O)CCl)c1ccccc1,-2.48
CCCCN(C)C(=O)Nc1ccc(Cl)c(Cl)c1,-4.77
Cc1[nH]c(=O)n(C(C)(C)C)c(=O)c1Cl,-2.48
CN(C)C(=O)Nc1ccc(Oc2ccc(Cl)cc2)cc1,-4.89
O=[N+]([O-])c1ccc(Oc2ccc(Cl)cc2Cl)cc1,-5.46
CCCN(CCC)c1c([N+](=O)[O-])cc(C(F)(F)F)cc1[N+](=O)[O-],-5.68
CC(C)(C)C(=O)C(Oc1ccc(Cl)cc1)n1cncn1,-3.61
CCCCS,-2.18
Sc1ccccc1,-2.12
CCNc1nc(NC(C)C)nc(SC)n1,-3.04
CCNc1nc(NC(C)(C)C)nc(SC)n1,-4
S=C1NCCN1,-0.71
CCNC(=S)NCC,-1.46
NC(=S)Nc1ccccc1,-1.77
Oc1ccnc(S)n1,-2.26
O=C1NS(=O)(=O)c2ccccc21,-1.64
Cc1ccc(S(N)(=O)=O)cc1,-1.74
Cc1ccccc1S(N)(=O)=O,-2.02
CCCN(CCC)c1c([N+](=O)[O-])cc(S(N)(=O)=O)cc1[N+](=O)[O-],-5.16
CCOP(=O)(OCC)OCC,0.43
Cc1cc(O)ccc1OP(=O)(Oc1cc(O)ccc1C)Oc1c(C)cccc1O,-6.7
CCOP(=S)(OCC)SCSCC,-4.11
CCOP(=S)(OCC)SCCSCC,-4.23
COP(=S)(OC)SCN1C(=O)c2ccccc2C1=O,-4.1
COP(=S)(OC)Oc1nc(Cl)c(Cl)cc1Cl,-4.82
COP(=S)(OC)Oc1ccc([N+](=O)[O-])cc1,-3.68
COP(=S)(OC)Oc1ccc([N+](=O)[O-])cc1Cl,-4.31
CCOP(=S)(OCC)SCSP(=S)(OCC)OCC,-5.54
CCCCSP(=O)(SCCCC)SCCCC,-5.14
COP(=S)(OC)Oc1cc(Cl)c(Br)cc1Cl,-6.09
COP(=S)(OC)Oc1cc(Cl)c(Cl)cc1Cl,-5.72
CC(CCC(=O)O)C1CCC2C3C(O)CC4CC(O)CCC4(C)C3CC(O)C12C,-3.37
CC(CCC(=O)O)C1CCC2C3CCC4CC(O)CCC4(C)C3CC(O)C12C,-3.95
CC(CCC(=O)O)C1CCC2C3C(O)CC4CC(O)CCC4(C)C3CCC12C,-3.82
CC(CCC(=O)O)C1CCC2C3C(O)CC4CC(O)CCC4(C)C3CCC12C,-3.64
Cc1nnc2n1-c1ccc(Cl)cc1C(c1ccccc1Cl)=NC2,-4.08
COc1ccc2c(c1)c(CC(=O)O)c(C)n2C(=O)c1ccc(Cl)cc1,-4.62
Nc1nccs1,-0.36
S=C=Nc1cccc2ccccc12,-4.6
N#CCCCl,-0.29
CC=CCC#N,-0.96
CC(=O)Nc1ccc(N)cc1,-0.98
CC(=O)Nc1ccc(Br)cc1,-3.08
CC(=O)Nc1ccc(F)cc1,-1.78
CC(=O)Nc1ccc(C=O)cc1,-1.58
CC(=O)Nc1ccc(I)cc1,-3.25
COc1ccc(NC(C)=O)cc1,-1.3
CN(C)C(=O)NC1CCCCCCC1,-2.36
CCCCOc1cc(C(=O)NCCN(CC)CC)c2ccccc2n1,-3.7
CN(C)CCC=C1c2ccccc2COc2ccccc21,-3.4
FC(F)(F)c1cccc(C(c2ccccc2)(c2ccccc2)n2cncn2)c1,-8.4
c1ccc2c(c1)CCN2,-1.04
CN(C)C(=O)NC1CC2CC1C1CCCC21,-3.01
CC(C)c1ccc(NC(=O)N(C)C)cc1,-3.54
CCn1cc(C(=O)O)c(=O)c2ccc(C)nc21,-3.37
CCn1cc(C(=O)O)c(=O)c2cnc(N3CCNCC3)nc21,-2.98
C#CC1(O)CCC2C3CCC4=CC(=O)CCC4C3CCC21C,-4.57
C#CC1(OC(C)=O)CCC2C3CCC4=CC(=O)CCC4C3CCC21C,-4.79
CC1CC2C(C(O)CC3(C)C2CCC3(O)C(=O)CO)C2(C)C=CC(=O)C=C12,-2.99
N#Cc1cc(I)c(O)c(I)c1,-3.61
CCCC(C)C1(CC)C(=O)NC(=S)NC1=O,-3.36
O=C1NC(=O)C(O)(C2(O)C(=O)NC(=O)NC2=O)C(=O)N1,-2.23
Cc1cc2nc3c(=O)[nH]c(=O)nc-3n(CC(O)C(O)C(O)CO)c2cc1C,-3.68
Nc1cc(Cl)cc(C(=O)O)c1Cl,-2.47
O=C(Nc1cccc(Cl)c1)OCC#CCCl,-4.37
CN(C)C1C(O)=C(C(N)=O)C(=O)C2(O)C(O)=C3C(=O)c4c(O)cccc4C(C)(O)C3CC12,-3.12
CN(C)C1C(O)=C(C(N)=O)C(=O)C2(O)C(O)=C3C(=O)c4c(O)cccc4C(C)(O)C3C(O)C12,-3.14
NC(Cc1ccccc1)C(=O)O,-1.23
COC(=O)Nc1nc2cc(C(=O)c3ccccc3)ccc2[nH]1,-3.88
CN(C)C(=O)C(c1ccccc1)c1ccccc1,-2.98
CC(C)N(C(=O)SCC(Cl)=C(Cl)Cl)C(C)C,-4.88
CSCCC(N)C(=O)O,-0.42
CCCCN(CC)C(=O)SCCC,-3.35
COC(=O)c1cccnc1,-0.46
CCCOC(=O)c1ccc(N)cc1,-2.33
O=C1CCCO1,1.07
COC(=O)c1cc(O)c(O)c(O)c1,-1.24
COC(=O)c1ccc(O)cc1,-1.78
CCOC(=O)C=Cc1ccccc1,-3
CCOC(=O)CCC(=O)OCC,-0.96
C=CCOC(=O)c1ccccc1C(=O)OCC=C,-3.13
CCCCOC(=O)c1ccccc1,-3.48
COC(=O)c1ccc(N)cc1,-1.59
CCCCCCOC(=O)c1ccc(N)cc1,-3.95
CCCCCCCOC(=O)c1ccc(N)cc1,-4.6
CCCCCCCCOC(=O)c1ccc(N)cc1,-5.4
O=C(Nc1ccccc1)c1ccccc1O,-3.59
ONc1ccccc1,-0.74
CSc1ccccc1,-2.39
O=CNc1ccccc1,-0.68
CC(=O)Nc1ccc(S(N)(=O)=O)cc1,-1.61
CC(=O)Nc1cccc(C)c1,-2.09
CC(=O)Nc1ccccc1[N+](=O)[O-],-1.91
CC(=O)N(C)c1ccccc1,-0.95
CC(=O)Nc1ccccc1O,-2.24
CCCCCNCCOC(=O)c1ccc(N)cc1,-3.27
CN1C(=O)CN=C(c2ccccc2)c2cc([N+](=O)[O-])ccc21,-3.8
CCCCOc1ccc(C(=O)OCCN(CC)CC)cc1,-3.84
CN(C)CCN(Cc1ccccc1)c1ccccn1,-2.64
CC(=O)C1(C)CCC2C3C=C(C)C4=CC(=O)CCC4(C)C3CCC21C,-5.27
CC(=O)OC1(C(C)=O)CCC2C3C=C(C)C4=CC(=O)CCC4(C)C3CCC21C,-5.35
CCC1CCCCC1,-4.25
COc1cc(Cl)c(Cl)cc1O,-2.53
C=C(C)C1CC=C(C)C(=O)C1,-2.06
N=C(N)N[N+](=O)[O-],-1.37
NC(=O)CCl,-0.02
O=C1NC(=O)C(=O)N1,-0.4
O=C(O)CCI,-0.43
O=[N+]([O-])OCC(CO[N+](=O)[O-])O[N+](=O)[O-],-2.22
CC(=O)NC(N)=O,-0.9
OCC(O)CO,1.12
O=C1NC(=O)C(=O)C(=O)N1,-1.25
O=C1NC(=O)C([N+](=O)[O-])C(=O)N1,-2.28
O=C1CC=NC=N1,0.59
O=C1CCC(=O)N1,0.3
O=C1CNC(=O)CN1,-0.83
NC(=O)NC1NC(=O)NC1=O,-1.6
O=S(CCCl)CCCl,-1.16
O=S(=O)(CCl)CCCl,-1.5
OC1CCOC1,1.05
CCC(N)C(=O)O,0.31
CC(N)CC(=O)O,1.08
CC(O)C(N)C(=O)O,-0.09
O=C(O)c1cc(=O)[nH]c(=O)[nH]1,-1.93
O=c1[nH]cnc2[nH]cnc12,-2.29
Oc1ccccn1,1.02
Oc1cccnc1,-0.46
Nc1ncnc2nc[nH]c12,-2.12
CC1(C)C(=O)N(Cl)C(=O)N1Cl,-2.6
Cc1cnc(S)nc1O,-2.45
Cc1cc(O)nc(S)n1,-2.43
CCC1NC(=O)NC1=O,-0.06
CC(=O)N=c1sc(S(N)(=O)=O)nn1C,-1.83
NC(=O)CCC(N)C(=O)O,-0.55
CN1CSC(=S)N(C)C1,-2.13
Clc1cc(Cl)c2nsnc2c1Cl,-4.98
c1cnc2ncncc2n1,0.02
O=C(O)C=Cc1c[nH]cn1,-1.96
Cn1c(=O)[nH]c2[nH]c(=O)[nH]c2c1=O,-1.56
O=[N+]([O-])OC1COC2C(O[N+](=O)[O-])COC12,-2.63
NC(Cc1c[nH]cn1)C(=O)O,-0.53
C=CCSS(=O)CC=C,-0.83
CN(C)NC(=O)CCC(=O)O,-0.2
OC1CC(O)C(O)C(O)C1O,-0.17
OC1C(O)C(O)C(O)C(O)C1O,0.35
CCCCCOC(N)=O,-1.47
OCC(O)C(O)C(O)C(O)CO,1.09
O=[N+]([O-])c1c(Cl)c(Cl)c(Cl)c(Cl)c1Cl,-5.82
N#Cc1cc(Br)c(O)c(Br)c1,-3.33
O=C(O)c1cc(I)cc(I)c1O,-3.31
O=C(O)c1ccccc1I,-2.73
Cc1ncnc2nccnc12,-0.12
Cc1ncc2nccnc2n1,-0.47
Cc1cnc2ncncc2n1,0.06
COc1ncc2nccnc2n1,-1.11
COc1cnc2ncncc2n1,-0.91
CSc1ncnc2nccnc12,-1.76
CSc1ncc2nccnc2n1,-2.36
O=Cc1ccccc1O,-0.86
O=C(O)c1cc(O)c(O)c(O)c1,-1.16
NC(=O)c1ccccc1O,-1.76
NNC(=O)Nc1ccccc1,-2.33
N=C(N)NS(=O)(=O)c1ccc(N)cc1,-1.99
CC1CCCC(=O)C1,-1.87
CC1CCCCC1=O,-0.94
CCCCCCOC(N)=O,-1.92
O=C1OC(=O)c2ccccc21,-1.39
O=C(O)Cc1c(Cl)ccc(Cl)c1Cl,-3.08
O=C(O)COc1cc(Cl)c(Cl)cc1Cl,-2.96
O=C(O)c1ccccc1C(F)(F)F,-1.6
O=C(O)COc1ccccc1Cl,-2.16
O=C(O)COc1ccc(Cl)cc1,-2.29
COC(=O)c1cc(Cl)cc(N)c1Cl,-3.26
CC(=O)OC1CCCCC1,-1.67
COc1cc(C(=O)O)ccc1O,-2.05
Cc1cc(O)cc(C)c1Cl,-2.8
CC(=O)c1cccc(N)c1,-1.28
CC(=O)c1ccc(N)cc1,-1.61
Cc1cccc(O)c1C,-1.43
Cc1ccc(C)c(O)c1,-1.54
Cc1cccc(C)c1O,-1.31
Cc1ccc(O)cc1C,-1.41
O=C(O)C1C2CCC(O2)C1C(=O)O,-0.27
C=CCN(CC=C)C(=O)C(Cl)Cl,-1.62
OCC(O)C1OC2OC(C(Cl)(Cl)Cl)OC2C1O,-1.84
NCC(O)c1ccccc1,-0.48
C=C(Cl)CSC(=S)N(CC)CC,-3.39
CCCCC(=O)CC(C)=O,-1.56
CCCC(C(C)=O)C(C)=O,-0.88
CC(=O)CC(=O)C(C)(C)C,-1.63
CC(=O)CC1CCCCN1,-0.45
CC(C)CNC(=O)N1CCNC1=O,-2.15
CC1CCC(C)(C)C1,-4.48
CC1CCC(C)CC1,-4.47
CCCC1CCCC1,-4.74
CC1CCCCC1C,-4.33
CCCCCCCOC(N)=O,-2.62
CCCC(O)C(CC)CO,-0.54
Cn1c(=O)on(-c2ccc(Cl)c(Cl)c2)c1=O,-2.82
Cc1cccc2sc3nncn3c12,-2.07
CC(Oc1ccc(Cl)cc1Cl)C(=O)O,-2.45
C=C(C(=O)O)c1ccccc1,-2.06
Cc1cc(Cl)ccc1OCC(=O)O,-2.23
NC(Cc1cc(I)c(O)c(I)c1)C(=O)O,-2.86
O=C(O)CCc1ccccc1,-1.41
O=C(O)C(CO)c1ccccc1,-0.93
CCC(=O)c1ccc(N)cc1,-2.63
CCC(=O)Nc1ccccc1,-1.92
CNC(=O)Oc1cccc(C)c1,-1.8
NC(Cc1ccc(O)c(O)c1)C(=O)O,-1.6
CC(C)(C(=O)O)C(C)(CC(=O)O)C(=O)O,-0.29
CN1C2CCC1C(C(=O)O)C(O)C2,-0.02
O=C(O)CCCCCCCC(=O)O,-1.89
CNC(=O)ON=C(CSC)C(C)(C)C,-1.62
CCCCCCCCOC(N)=O,-3.3
ClC1=C(Cl)C2(Cl)C3CC=CC3C1(Cl)C2(Cl)Cl,-5.64
OC1C=CC2C1C1(Cl)C(Cl)=C(Cl)C2(Cl)C1(Cl)Cl,-5.46
Nc1cnn(-c2ccccc2)c(=O)c1Br,-3.12
O=C1C2CC=CCC2C(=O)N1SC(Cl)(Cl)C(Cl)Cl,-5.4
Cc1cc(O)c2ccccc2n1,-1.2
COC(=O)C(Cl)Cc1ccc(Cl)cc1,-3.77
O=C(O)CCCOc1ccc(Cl)cc1Cl,-3.67
Nc1ccc(S(=O)(=O)Nc2cnccn2)cc1,-3.7
COc1ccc2c(c1OC)C(=O)OC2,-1.89
COc1ccc(C=O)c(C(=O)O)c1OC,-1.92
Cc1cc(Cl)ccc1OC(C)C(=O)O,-2.55
CNC(=O)ON=C1C(Cl)C2CC(C#N)C1C2,-2.08
CCC1NC(=O)c2cc(S(N)(=O)=O)c(Cl)cc2N1,-3.29
CC(C)N1C(=O)c2ccccc2NS1(=O)=O,-2.68
O=c1[nH]cnc2c1ncn2C1OC(CO)C(O)C1O,-1.23
CC=Cc1ccc(OC)cc1,-3.13
CCCNC(=O)NS(=O)(=O)c1ccc(Cl)cc1,-3.03
O=CNC(N1CCN(C(NC=O)C(Cl)(Cl)Cl)CC1)C(Cl)(Cl)Cl,-4.19
Cn1c(=O)c2c(ncn2CC(O)CO)n(C)c1=O,-0.17
CCc1cccc(CC)c1N,-2.35
OCCN(CCO)c1ccccc1,-0.73
CC12CCC(CC1=O)C2(C)C,-1.99
CC(C)=CCCC(C)=CC=O,-2.06
C=C(C)C1CCC(C)C(=O)C1,-2.18
CC1(C(=O)O)CCC(C(=O)O)C1(C)C,-1.42
CC1(C)C2CCC1(C)C(O)C2,-2.32
CC12CCC(CC1)C(C)(C)O2,-1.64
C=CC(C)(O)CCC=C(C)C,-1.99
CC1CCC(C(C)C)C(O)C1,-2.53
CC1=CC(=O)c2ccccc2C1=O,-3.03
OC1CCN2C1=Nc1ccccc1C2O,-2.07
Cc1ccc2ccc(C)nc2c1,-1.94
Nc1ccc(S(=O)(=O)Nc2ccccn2)cc1,-2.7
Cc1ccnc(NS(=O)(=O)c2ccc(N)cc2)n1,-2.85
CC(=O)Nc1cc(NS(=O)(=O)C(F)(F)F)c(C)cc1C,-3.24
Cc1c(N)c(=O)n(-c2ccccc2)n1C,-0.62
Cc1nc(NS(=O)(=O)c2ccc(N)cc2)oc1C,-2.44
Cc1noc(NS(=O)(=O)c2ccc(N)cc2)c1C,-2.91
O=c1cccc2n1CC1CNCC2C1,0.36
CCSCc1ccccc1OC(=O)NC,-2.09
CNC(=O)Oc1cccc(N=CN(C)C)c1,-2.34
CCOP(=S)(OCC)SCSc1ccc(Cl)cc1,-5.74
CNC(=O)Oc1ccc(N(C)C)c(C)c1,-2.36
CN(C)C(=O)OC1=CC(=O)CC(C)(C)C1,-0.85
CCOP(=S)(OCC)Oc1ccc(S(C)=O)cc1,-2.3
Cc1nc(N(C)C)nc(OC(=O)N(C)C)c1C,-1.95
CCCCc1c(C)nc(N(C)C)nc1O,-2.24
CCSC(=O)N(CC)C1CCCCC1,-3.4
CCCCCCCCCC(=O)OC,-4.63
CCSC(=O)N(CC(C)C)CC(C)C,-3.68
NCCCCCCCCCCC(=O)O,-2.7
Oc1cc(Cl)ccc1Oc1ccc(Cl)cc1Cl,-4.46
COc1c2occc2cc2ccc(=O)oc12,-3.66
CNc1cnn(-c2cccc(C(F)(F)F)c2)c(=O)c1Cl,-4.04
O=NN(c1ccccc1)c1ccccc1,-3.75
Cc1occc1C(=O)Nc1ccccc1,-3.3
Nc1ccc(S(=O)(=O)c2ccc(N)cc2)cc1,-2.82
C#CC(C)N(C)C(=O)Nc1ccc(Cl)cc1,-3.9
Cc1cc(NS(=O)(=O)c2ccc(N)cc2)nc(C)n1,-2.24
CCNC(=O)C(C)OC(=O)Nc1ccccc1,-1.83
CC(C)(C)c1nnc(NS(=O)(=O)c2ccc(N)cc2)s1,-3.74
CC(C)CCOC(=O)c1ccccc1O,-3.16
CCCCNC(=O)NS(=O)(=O)c1ccc(C)cc1,-3.39
CCCCN(CCCC)CCCC,-3.12
O=C(Nc1ccc([N+](=O)[O-])cc1Cl)c1cc(Cl)ccc1O,-4.7
O=C(O)c1cccnc1Nc1cccc(C(F)(F)F)c1,-4.17
c1ccc2c(c1)cnc1ccccc12,-2.78
O=C(Nc1ccccc1)Nc1ccccc1,-3.15
CC1=C(C(=O)Nc2ccccc2)CCCO1,-2.56
Cc1cc(OC(=O)N(C)C)n(-c2ccccc2)n1,-2.09
CC(=O)N(c1onc(C)c1C)S(=O)(=O)c1ccc(N)cc1,-3.59
CC(=O)Oc1c(C(C)(C)C)cc([N+](=O)[O-])c(C)c1[N+](=O)[O-],-4.47
CCOC1Oc2ccc(OS(C)(=O)=O)cc2C1(C)C,-3.42
CC(C)Cc1ccc(C(C)C(=O)NO)cc1,-3.04
CC(C)(C)NCC(O)c1ccc(O)c(CO)c1,-1.22
CCCCCCCCCCCC(=O)OC,-4.69
ClC(Cl)=C(c1ccc(Cl)cc1)c1ccccc1Cl,-6.36
O=C1c2ccccc2C(=O)c2c1ccc(O)c2O,-2.78
O=C(NC(=O)c1c(F)cccc1F)Nc1ccc(Cl)cc1,-6.02
O=c1nc(-c2ccccc2)oc2ccccc12,-4.61
Clc1ccc(C(c2ccccc2Cl)C(Cl)Cl)cc1,-6.51
O=C(O)c1ccccc1Nc1cccc(C(F)(F)F)c1,-4.36
Oc1c2ccccc2cc2ccccc12,-4.73
COc1cc(O)c2c(=O)c3cc(O)ccc3oc2c1,-2.93
O=C(NC(=O)c1ccccc1)c1ccccc1,-2.27
Cc1cc(S(=O)(=O)c2ccccc2)ccc1NS(=O)(=O)C(F)(F)F,-3.8
Cc1ccc2nc(-c3ccc(N)cc3)sc2c1,-3.68
COc1c2occc2c(OC)c2c(=O)cc(C)oc12,-2.4
Cc1ccnc2c1ccc1c(C)ccnc12,-3.97
OC(Cc1ccccc1)c1ccccc1,-2.52
OC(c1ccccc1)C(O)c1ccccc1,-1.93
CCOP(=S)(OCC)Oc1ccc2c(C)c(Cl)c(=O)oc2c1,-5.38
CCOP(=S)(OCC)SC(CCl)N1C(=O)c2ccccc2C1=O,-6.34
CCC1(C2=CC3CCC(C2)C3)C(=O)NC(=O)NC1=O,-2.64
COc1ccc(CC2NCC(O)C2OC(C)=O)cc1,-1.61
CC1CCCCC1NC(=O)Nc1ccccc1,-4.11
CN(C)C(=O)Nc1cccc(OC(=O)NC(C)(C)C)c1,-2.93
CC(C)OP(=S)(OC(C)C)SCCNS(=O)(=O)c1ccccc1,-4.2
CCCCCCCCCCCCCCO,-6.05
O=C(O)C1(O)c2ccccc2-c2ccc(Cl)cc21,-4.18
NC(Cc1cc(I)c(Oc2ccc(O)c(I)c2)c(I)c1)C(=O)O,-5.22
CN1c2ccccc2Sc2ccc(CC(=O)O)cc21,-3.94
CN1C(C(=O)Nc2ccccn2)=C(O)c2ccccc2S1(=O)=O,-4.16
Cc1cccc(C)c1NC(=O)c1cc(S(N)(=O)=O)c(Cl)cc1O,-3.79
Cc1cccc(Nc2ccccc2C(=O)O)c1C,-3.78
COc1ccc(C(O)(c2cncnc2)C2CC2)cc1,-2.6
COc1ccc2ccc(=O)oc2c1CC=C(C)C,-4.31
CC1=C2C3OC(=O)C(C)C3CCC2(C)C=CC1=O,-3.09
CC(=O)c1ccc(S(=O)(=O)NC(=O)NC2CCCCC2)cc1,-2.06
CCOC(=O)C1(c2ccccc2)CCN(C)CC1,-1.89
COCC(=O)N(c1c(C)cccc1C)C(C)C(=O)OC,-1.6
Cc1cccc(C)c1NC(=O)C1CCCCN1C,-1.55
CCOc1ccc(C(=O)OCCN(CC)CC)cc1,-2.71
C1CCN2CC3CC(CN4CCCCC34)C2C1,-1.89
CCCCCCCCCCCCCCC(=O)O,-4.31
Cc1ccccc1N1C(=O)c2cc(S(N)(=O)=O)c(Cl)cc2NC1C,-3.78
COc1ccc(Oc2ccc(NC(=O)N(C)C)cc2)cc1,-4.16
CNC(=O)Oc1cc(C(C)(C)C)cc(C(C)(C)C)c1,-4.24
CCCCCCCCCCCCCCCCO,-7.26
CC(C)OC(=O)C(O)(c1ccc(Br)cc1)c1ccc(Br)cc1,-4.93
CC(C)OC(=O)C(O)(c1ccc(Cl)cc1)c1ccc(Cl)cc1,-4.53
CN(C)CCCN1c2ccccc2Sc2ccc(C(F)(F)F)cc21,-5.3
O=C(C=CC=Cc1ccc2c(c1)OCO2)N1CCCCC1,-3.46
CCN(CC)C(=O)C(C)Oc1cccc2ccccc12,-3.57
CN1C2CC(OC(=O)C(CO)c3ccccc3)CC1C1OC12,-0.48
CN1C2CCC1CC(OC(=O)C(CO)c1ccccc1)C2,-1.91
CCCCOCN(C(=O)CCl)c1c(CC)cccc1CC,-4.19
CC12CCc3c(ccc4cc(O)ccc34)C1CCC2=O,-5.24
CC12CCC3C(=CCc4cc(O)ccc43)C1CCC2=O,-5.28
COc1ccc2c(c1O)C13CCN(C)C(C2)C1C=CC(=O)C3,-1.87
CNCCCN1c2ccccc2CCc2ccccc21,-3.66
CC12CCC3c4ccc(O)cc4CCC3C1CCC2O,-4.84
O[Sn](C1CCCCC1)(C1CCCCC1)C1CCCCC1,-5.59
CCCCCCCCCCCCCCCCCC(=O)O,-5.68
CC(=O)CC(c1ccccc1)c1c(O)c2ccccc2oc1=O,-3.89
CC(=O)CCC1C(=O)N(c2ccccc2)N(c2ccccc2)C1=O,-3.27
C=CC1CN2CCC1CC2C(O)c1ccnc2ccccc12,-3.07
CN1CCCC(CN2c3ccccc3Sc3ccccc32)C1,-4.74
Cc1ccc(N=CN(C)C=Nc2ccc(C)cc2C)c(C)c1,-5.47
COc1ccc2c(c1)N(CC(C)CN(C)C)c1ccccc1S2,-4.22
CC12CC(=O)C3C(CCC4=CC(=O)CCC43C)C1CCC2=O,-3.48
CC12CCC3C(CC=C4CC(O)CCC43C)C1CCC2=O,-4.12
CC12CCC3C(CCC4CCCCC43C)C1CCC2=O,-6.7
CC12CCC3C(CCC4CC(O)CCC43C)C1CCC2=O,-4.4
CC12CC(O)C3C(CCC4CC(O)CCC43C)C1CCC2=O,-3.59
COC(C)(C)CCCC(C)CC=CC(C)=CC(=O)OC(C)C,-5.19
CN(C)CCC=C1c2ccccc2CCc2ccccc21,-4.46
C=CC1CN2CCC1CC2C(O)c1ccnc2ccc(OC)cc12,-3.37
C#CC1(O)CCC2C3CCc4cc(O)ccc4C3CCC21C,-4.3
CCC1C2CC3C4N(C)c5ccccc5C45CC(C2C5O)N3C1O,-2.82
N#CC(OC1OC(COC2OC(CO)C(O)C(O)C2O)C(O)C(O)C1O)c1ccccc1,-0.77
COc1ccc2c(c1)c(CC(=O)O)c(C)n2C(=O)C=Cc1ccccc1,-5.54
CC1(C)C(C=C(Cl)Cl)C1C(=O)OCc1cccc(Oc2ccccc2)c1,-6.29
CN(C)C1C(O)=C(C(N)=O)C(=O)C2(O)C(O)=C3C(=O)c4c(O)ccc(Cl)c4C(O)C3CC12,-2.52
N#Cc1ccc2c(c1)N(CCCN1CCC(O)CC1)c1ccccc1S2,-3.98
CC12CCC(=O)C=C1CCC1C2C2CC3(C(O)O2)C(C(=O)CO)CCC13,-3.85
CC(=O)OC1CCC2(C)C(=CCC3C4CCC(=O)C4(C)CCC32)C1,-4.46
CC(=O)OCC(=O)C1(O)CCC2C3CCC4=CC(=O)CCC4(C)C3C(=O)CC21C,-4
CC(=O)C1CCC2C3CC=C4CC(O)CCC4(C)C3CCC12C,-4.65
CN(C)C1C(O)=C(C(N)=O)C(=O)C2(O)C(O)=C3C(=O)c4c(O)ccc(Cl)c4C(C)(O)C3CC12,-2.88
COc1ccc2c(c1OC)C(=O)OC2C1c2c(cc3c(c2OC)OCO3)CCN1C,-3.14
CC1c2cccc(O)c2C(=O)C2=C(O)C3(O)C(=O)C(C(N)=O)=C(O)C(N(C)C)C3C(O)C21,-2.87
CCC(=O)OC1CCC2C3CCC4=CC(=O)CCC4(C)C3CCC12C,-5.37
C=C(C)C1Cc2c(ccc3c2OC2COc4cc(OC)c(OC)cc4C2C3=O)O1,-4.42
CC(C)=CC1C(C(=O)OCc2cccc(Oc3ccccc3)c2)C1(C)C,-5.24
CC(=O)OC1(C(C)=O)CCC2C3C=C(Cl)C4=CC(=O)C=CC4(C)C3CCC21C,-4.95
CC(=O)OCCN1CCN(CCCN2c3ccccc3Sc3ccc(Cl)cc32)CC1,-4.7
CC(C)(C)C(=O)OCC(=O)C1(O)CCC2C3CCC4=CC(=O)C=CC4(C)C3C(O)CC21C,-4.58
CC(CCC(=O)NCC(=O)O)C1CCC2C3C(O)CC4CC(O)CCC4(C)C3CC(O)C12C,-5.15
CN(C)C1C(O)=CC(=O)C2(O)C(O)=C3C(=O)c4ccccc4C(C)(O)C3CC12,-1.42
CC(C)(C)CC(=O)OCC(=O)C1(O)CCC2C3CCC4=CC(=O)CCC4(C)C3C(O)CC21C,-5.51
CC1CC=CC=CC=CC=CC(OC2OC(C)C(O)C(N)C2O)CC2OC(O)(CC(O)CC3OC3C=CC(=O)O1)CC(O)C2C(=O)O,-3.21
